iter	MultiClass
0	2.84170424
1	2.511651502
2	2.306683077
3	2.146390114
4	1.978375438
5	1.835025542
6	1.763416811
7	1.629389445
8	1.521454102
9	1.414901867
